gamma,p,d_static,alpha_static,F_raw,F_static,Y_static,R_static,d_adaptive,alpha_adaptive,F_adaptive,Y_adaptive,R_adaptive,delta_F,delta_Y,delta_T
0.01,0.01,2,0.4368421137332916,0.9850438441822442,0.0,0.0,0.0,1,0.4368421137332916,0.0,0.0,-10000.0,0.0,0.0,-10000.0
0.01,0.02,1,0.3947368562221527,0.975093969811178,0.0,0.0,0.0,1,0.47894737124443054,0.9578950278467072,0.5,-9900.0,0.9578950278467072,0.5,-9900.0
0.01,0.03,1,0.5631579160690308,0.9651440954401119,0.0,0.0,0.0,1,0.47894737124443054,0.0,0.0,-10000.0,0.0,0.0,-10000.0
0.01,0.04,1,0.4368421137332916,0.9551942210690455,0.0,0.0,0.0,1,0.47894737124443054,0.0,0.0,-10000.0,0.0,0.0,-10000.0
0.01,0.05,1,0.5210526585578918,0.9452443466979793,0.0,0.0,0.0,1,0.47894737124443054,0.0,0.0,-10000.0,0.0,0.0,-10000.0
0.01,0.060000000000000005,1,0.47894737124443054,0.9352944723269132,0.0,0.0,0.0,1,0.47894737124443054,0.0,0.0,-10000.0,0.0,0.0,-10000.0
0.01,0.06999999999999999,1,0.47894737124443054,0.9253445979558471,0.8674662315971828,0.5,100.0,1,0.47894737124443054,0.0,0.0,-10000.0,-0.8674662315971828,-0.5,-10100.0
0.01,0.08,1,0.47894737124443054,0.9153947235847808,0.0,0.0,0.0,1,0.47894737124443054,0.0,0.0,-10000.0,0.0,0.0,-10000.0
0.01,0.09,1,0.47894737124443054,0.9054448492137146,0.0,0.0,0.0,1,0.47894737124443054,0.0,0.0,-10000.0,0.0,0.0,-10000.0
0.01,0.09999999999999999,1,0.47894737124443054,0.8954949748426484,0.0,0.0,0.0,1,0.47894737124443054,0.0,0.0,-10000.0,0.0,0.0,-10000.0
0.01,0.11,1,0.47894737124443054,0.8855451004715822,0.0,0.0,0.0,1,0.47894737124443054,0.0,0.0,-10000.0,0.0,0.0,-10000.0
0.01,0.12,1,0.47894737124443054,0.875595226100516,0.0,0.0,0.0,1,0.47894737124443054,0.0,0.0,-10000.0,0.0,0.0,-10000.0
0.01,0.13,1,0.47894737124443054,0.8656453517294497,0.0,0.0,0.0,1,0.47894737124443054,0.0,0.0,-10000.0,0.0,0.0,-10000.0
0.01,0.14,1,0.47894737124443054,0.8556954773583836,0.0,0.0,0.0,1,0.47894737124443054,0.0,0.0,-10000.0,0.0,0.0,-10000.0
0.01,0.15000000000000002,1,0.47894737124443054,0.8457456029873174,0.0,0.0,0.0,1,0.47894737124443054,0.0,0.0,-10000.0,0.0,0.0,-10000.0
0.01,0.16,1,0.47894737124443054,0.8357957286162512,0.0,0.0,0.0,1,0.47894737124443054,0.0,0.0,-10000.0,0.0,0.0,-10000.0
0.01,0.17,1,0.47894737124443054,0.825845854245185,0.0,0.0,0.0,1,0.47894737124443054,0.0,0.0,-10000.0,0.0,0.0,-10000.0
0.01,0.18000000000000002,1,0.47894737124443054,0.8158959798741188,0.0,0.0,0.0,1,0.47894737124443054,0.0,0.0,-10000.0,0.0,0.0,-10000.0
0.01,0.19,1,0.47894737124443054,0.8059461055030526,0.0,0.0,0.0,1,0.47894737124443054,0.0,0.0,-10000.0,0.0,0.0,-10000.0
0.01,0.2,1,0.47894737124443054,0.7959962311319864,0.0,0.0,0.0,1,0.47894737124443054,0.0,0.0,-10000.0,0.0,0.0,-10000.0
0.02,0.01,1,0.6052631735801697,0.980075251893972,0.0,0.0,0.0,1,0.3947368562221527,0.0,0.0,-10000.0,0.0,0.0,-10000.0
0.02,0.02,1,0.3947368562221527,0.9701757569573604,0.0,0.0,0.0,2,0.4368421137332916,0.0,0.0,-10000.0,0.0,0.0,-10000.0
0.02,0.03,3,0.47894737124443054,0.9602762620207487,0.0,0.0,0.0,1,0.47894737124443054,0.0,0.0,-10000.0,0.0,0.0,-10000.0
0.02,0.04,1,0.4368421137332916,0.950376767084137,0.0,0.0,0.0,1,0.5631579160690308,0.0,0.0,-10000.0,0.0,0.0,-10000.0
0.02,0.05,1,0.4368421137332916,0.9404772721475252,0.0,0.0,0.0,1,0.47894737124443054,0.0,0.0,-10000.0,0.0,0.0,-10000.0
0.02,0.060000000000000005,1,0.47894737124443054,0.9305777772109136,0.0,0.0,0.0,1,0.47894737124443054,0.0,0.0,-10000.0,0.0,0.0,-10000.0
0.02,0.06999999999999999,1,0.47894737124443054,0.9206782822743023,0.0,0.0,0.0,1,0.47894737124443054,0.0,0.0,-10000.0,0.0,0.0,-10000.0
0.02,0.08,1,0.47894737124443054,0.9107787873376905,0.0,0.0,0.0,1,0.47894737124443054,0.0,0.0,-10000.0,0.0,0.0,-10000.0
0.02,0.09,1,0.47894737124443054,0.9008792924010788,0.0,0.0,0.0,1,0.47894737124443054,0.0,0.0,-10000.0,0.0,0.0,-10000.0
0.02,0.09999999999999999,1,0.47894737124443054,0.890979797464467,0.0,0.0,0.0,1,0.47894737124443054,0.0,0.0,-10000.0,0.0,0.0,-10000.0
0.02,0.11,1,0.47894737124443054,0.8810803025278553,0.0,0.0,0.0,1,0.47894737124443054,0.0,0.0,-10000.0,0.0,0.0,-10000.0
0.02,0.12,1,0.47894737124443054,0.8711808075912437,0.0,0.0,0.0,1,0.47894737124443054,0.0,0.0,-10000.0,0.0,0.0,-10000.0
0.02,0.13,1,0.47894737124443054,0.8612813126546319,0.0,0.0,0.0,1,0.47894737124443054,0.0,0.0,-10000.0,0.0,0.0,-10000.0
0.02,0.14,1,0.47894737124443054,0.8513818177180204,0.0,0.0,0.0,1,0.47894737124443054,0.0,0.0,-10000.0,0.0,0.0,-10000.0
0.02,0.15000000000000002,1,0.47894737124443054,0.8414823227814088,0.0,0.0,0.0,1,0.47894737124443054,0.0,0.0,-10000.0,0.0,0.0,-10000.0
0.02,0.16,1,0.47894737124443054,0.831582827844797,0.0,0.0,0.0,1,0.47894737124443054,0.0,0.0,-10000.0,0.0,0.0,-10000.0
0.02,0.17,1,0.47894737124443054,0.8216833329081854,0.0,0.0,0.0,1,0.47894737124443054,0.0,0.0,-10000.0,0.0,0.0,-10000.0
0.02,0.18000000000000002,1,0.47894737124443054,0.8117838379715736,0.0,0.0,0.0,1,0.47894737124443054,0.0,0.0,-10000.0,0.0,0.0,-10000.0
0.02,0.19,1,0.47894737124443054,0.801884343034962,0.0,0.0,0.0,1,0.47894737124443054,0.0,0.0,-10000.0,0.0,0.0,-10000.0
0.02,0.2,1,0.47894737124443054,0.7919848480983503,0.0,0.0,0.0,1,0.47894737124443054,0.0,0.0,-10000.0,0.0,0.0,-10000.0
0.03,0.01,1,0.6052631735801697,0.9750940322880096,0.0,0.0,0.0,2,0.4368421137332916,0.0,0.0,-10000.0,0.0,0.0,-10000.0
0.03,0.02,1,0.3947368562221527,0.9652451744862134,0.0,0.0,0.0,1,0.3947368562221527,0.8904109504812288,0.5,-9900.0,0.8904109504812288,0.5,-9900.0
0.03,0.03,3,0.47894737124443054,0.9553963166844173,0.0,0.0,0.0,1,0.4368421137332916,0.0,0.0,-10000.0,0.0,0.0,-10000.0
0.03,0.04,1,0.4368421137332916,0.9455474588826212,0.0,0.0,0.0,1,0.47894737124443054,0.0,0.0,-10000.0,0.0,0.0,-10000.0
0.03,0.05,1,0.4368421137332916,0.935698601080825,0.0,0.0,0.0,1,0.4368421137332916,0.0,0.0,-10000.0,0.0,0.0,-10000.0
0.03,0.060000000000000005,1,0.47894737124443054,0.9258497432790289,0.0,0.0,0.0,1,0.47894737124443054,0.8851563997924439,0.5,-9900.0,0.8851563997924439,0.5,-9900.0
0.03,0.06999999999999999,1,0.47894737124443054,0.916000885477233,0.0,0.0,0.0,1,0.47894737124443054,0.0,0.0,-10000.0,0.0,0.0,-10000.0
0.03,0.08,1,0.47894737124443054,0.9061520276754369,0.0,0.0,0.0,1,0.47894737124443054,0.0,0.0,-10000.0,0.0,0.0,-10000.0
0.03,0.09,1,0.47894737124443054,0.8963031698736408,0.0,0.0,0.0,1,0.47894737124443054,0.0,0.0,-10000.0,0.0,0.0,-10000.0
0.03,0.09999999999999999,1,0.47894737124443054,0.8864543120718447,0.0,0.0,0.0,1,0.47894737124443054,0.0,0.0,-10000.0,0.0,0.0,-10000.0
0.03,0.11,1,0.47894737124443054,0.8766054542700485,0.0,0.0,0.0,1,0.47894737124443054,0.0,0.0,-10000.0,0.0,0.0,-10000.0
0.03,0.12,1,0.47894737124443054,0.8667565964682524,0.0,0.0,0.0,1,0.47894737124443054,0.0,0.0,-10000.0,0.0,0.0,-10000.0
0.03,0.13,1,0.47894737124443054,0.8569077386664561,0.0,0.0,0.0,1,0.47894737124443054,0.0,0.0,-10000.0,0.0,0.0,-10000.0
0.03,0.14,1,0.47894737124443054,0.8470588808646602,0.0,0.0,0.0,1,0.47894737124443054,0.0,0.0,-10000.0,0.0,0.0,-10000.0
0.03,0.15000000000000002,1,0.47894737124443054,0.8372100230628641,0.0,0.0,0.0,1,0.47894737124443054,0.0,0.0,-10000.0,0.0,0.0,-10000.0
0.03,0.16,1,0.47894737124443054,0.8273611652610678,0.0,0.0,0.0,1,0.47894737124443054,0.0,0.0,-10000.0,0.0,0.0,-10000.0
0.03,0.17,1,0.47894737124443054,0.817512307459272,0.7165999865863957,0.5,100.0,1,0.47894737124443054,0.0,0.0,-10000.0,-0.7165999865863957,-0.5,-10100.0
0.03,0.18000000000000002,1,0.47894737124443054,0.8076634496574756,0.0,0.0,0.0,1,0.47894737124443054,0.0,0.0,-10000.0,0.0,0.0,-10000.0
0.03,0.19,1,0.47894737124443054,0.7978145918556796,0.0,0.0,0.0,1,0.47894737124443054,0.0,0.0,-10000.0,0.0,0.0,-10000.0
0.03,0.2,1,0.47894737124443054,0.7879657340538835,0.0,0.0,0.0,1,0.47894737124443054,0.0,0.0,-10000.0,0.0,0.0,-10000.0
0.04,0.01,1,0.3947368562221527,0.9700999895855034,0.0,0.0,0.0,1,0.3947368562221527,0.0,0.0,-10000.0,0.0,0.0,-10000.0
0.04,0.02,1,0.3947368562221527,0.9603020306143706,0.0,0.0,0.0,1,0.3947368562221527,0.0,0.0,-10000.0,0.0,0.0,-10000.0
0.04,0.03,3,0.47894737124443054,0.9505040716432378,0.0,0.0,0.0,1,0.47894737124443054,0.0,0.0,-10000.0,0.0,0.0,-10000.0
0.04,0.04,1,0.5631579160690308,0.9407061126721051,0.0,0.0,0.0,1,0.4368421137332916,0.0,0.0,-10000.0,0.0,0.0,-10000.0
0.04,0.05,1,0.4368421137332916,0.9309081537009724,0.0,0.0,0.0,1,0.5631579160690308,0.8756347121470234,0.5,-9900.0,0.8756347121470234,0.5,-9900.0
0.04,0.060000000000000005,1,0.47894737124443054,0.9211101947298397,0.0,0.0,0.0,1,0.47894737124443054,0.0,0.0,-10000.0,0.0,0.0,-10000.0
0.04,0.06999999999999999,1,0.47894737124443054,0.9113122357587072,0.0,0.0,0.0,1,0.4368421137332916,0.85000058631768,0.5,-9900.0,0.85000058631768,0.5,-9900.0
0.04,0.08,1,0.47894737124443054,0.9015142767875743,0.0,0.0,0.0,1,0.47894737124443054,0.0,0.0,-10000.0,0.0,0.0,-10000.0
0.04,0.09,1,0.47894737124443054,0.8917163178164416,0.0,0.0,0.0,1,0.6052631735801697,0.0,0.0,-10000.0,0.0,0.0,-10000.0
0.04,0.09999999999999999,1,0.47894737124443054,0.8819183588453088,0.0,0.0,0.0,1,0.47894737124443054,0.0,0.0,-10000.0,0.0,0.0,-10000.0
0.04,0.11,1,0.47894737124443054,0.8721203998741762,0.0,0.0,0.0,1,0.47894737124443054,0.0,0.0,-10000.0,0.0,0.0,-10000.0
0.04,0.12,1,0.47894737124443054,0.8623224409030434,0.7872991230829758,0.5,100.0,1,0.47894737124443054,0.0,0.0,-10000.0,-0.7872991230829758,-0.5,-10100.0
0.04,0.13,1,0.47894737124443054,0.8525244819319107,0.0,0.0,0.0,1,0.47894737124443054,0.0,0.0,-10000.0,0.0,0.0,-10000.0
0.04,0.14,1,0.47894737124443054,0.8427265229607779,0.0,0.0,0.0,1,0.47894737124443054,0.0,0.0,-10000.0,0.0,0.0,-10000.0
0.04,0.15000000000000002,1,0.47894737124443054,0.8329285639896453,0.0,0.0,0.0,1,0.47894737124443054,0.0,0.0,-10000.0,0.0,0.0,-10000.0
0.04,0.16,1,0.47894737124443054,0.8231306050185125,0.0,0.0,0.0,1,0.47894737124443054,0.0,0.0,-10000.0,0.0,0.0,-10000.0
0.04,0.17,1,0.47894737124443054,0.81333264604738,0.0,0.0,0.0,1,0.47894737124443054,0.0,0.0,-10000.0,0.0,0.0,-10000.0
0.04,0.18000000000000002,1,0.47894737124443054,0.8035346870762471,0.0,0.0,0.0,1,0.47894737124443054,0.0,0.0,-10000.0,0.0,0.0,-10000.0
0.04,0.19,1,0.47894737124443054,0.7937367281051144,0.0,0.0,0.0,1,0.47894737124443054,0.0,0.0,-10000.0,0.0,0.0,-10000.0
0.04,0.2,1,0.47894737124443054,0.7839387691339816,0.0,0.0,0.0,1,0.47894737124443054,0.0,0.0,-10000.0,0.0,0.0,-10000.0
0.05,0.01,2,0.4368421137332916,0.9650929228956395,0.0,0.0,0.0,1,0.5631579160690308,0.0,0.0,-10000.0,0.0,0.0,-10000.0
0.05,0.02,1,0.3947368562221527,0.9553461285508307,0.0,0.0,0.0,1,0.6052631735801697,0.0,0.0,-10000.0,0.0,0.0,-10000.0
0.05,0.03,3,0.47894737124443054,0.9455993342060216,0.0,0.0,0.0,1,0.47894737124443054,0.0,0.0,-10000.0,0.0,0.0,-10000.0
0.05,0.04,1,0.5631579160690308,0.9358525398612128,0.0,0.0,0.0,1,0.47894737124443054,0.0,0.0,-10000.0,0.0,0.0,-10000.0
0.05,0.05,1,0.5210526585578918,0.9261057455164036,0.0,0.0,0.0,1,0.5631579160690308,0.0,0.0,-10000.0,0.0,0.0,-10000.0
0.05,0.060000000000000005,1,0.47894737124443054,0.9163589511715947,0.0,0.0,0.0,1,0.47894737124443054,0.0,0.0,-10000.0,0.0,0.0,-10000.0
0.05,0.06999999999999999,1,0.47894737124443054,0.906612156826786,0.8679633613985978,0.5,100.0,1,0.5631579160690308,0.0,0.0,-10000.0,-0.8679633613985978,-0.5,-10100.0
0.05,0.08,1,0.47894737124443054,0.8968653624819769,0.0,0.0,0.0,1,0.47894737124443054,0.0,0.0,-10000.0,0.0,0.0,-10000.0
0.05,0.09,1,0.47894737124443054,0.8871185681371678,0.0,0.0,0.0,1,0.47894737124443054,0.0,0.0,-10000.0,0.0,0.0,-10000.0
0.05,0.09999999999999999,1,0.47894737124443054,0.8773717737923589,0.0,0.0,0.0,1,0.47894737124443054,0.0,0.0,-10000.0,0.0,0.0,-10000.0
0.05,0.11,1,0.47894737124443054,0.8676249794475499,0.0,0.0,0.0,1,0.47894737124443054,0.0,0.0,-10000.0,0.0,0.0,-10000.0
0.05,0.12,1,0.47894737124443054,0.857878185102741,0.0,0.0,0.0,1,0.47894737124443054,0.0,0.0,-10000.0,0.0,0.0,-10000.0
0.05,0.13,1,0.47894737124443054,0.848131390757932,0.0,0.0,0.0,1,0.47894737124443054,0.0,0.0,-10000.0,0.0,0.0,-10000.0
0.05,0.14,1,0.47894737124443054,0.838384596413123,0.0,0.0,0.0,1,0.47894737124443054,0.0,0.0,-10000.0,0.0,0.0,-10000.0
0.05,0.15000000000000002,1,0.47894737124443054,0.828637802068314,0.0,0.0,0.0,1,0.47894737124443054,0.0,0.0,-10000.0,0.0,0.0,-10000.0
0.05,0.16,1,0.47894737124443054,0.818891007723505,0.0,0.0,0.0,1,0.47894737124443054,0.0,0.0,-10000.0,0.0,0.0,-10000.0
0.05,0.17,1,0.47894737124443054,0.8091442133786961,0.0,0.0,0.0,1,0.47894737124443054,0.0,0.0,-10000.0,0.0,0.0,-10000.0
0.05,0.18000000000000002,1,0.47894737124443054,0.7993974190338871,0.0,0.0,0.0,1,0.47894737124443054,0.0,0.0,-10000.0,0.0,0.0,-10000.0
0.05,0.19,1,0.47894737124443054,0.7896506246890782,0.0,0.0,0.0,1,0.47894737124443054,0.0,0.0,-10000.0,0.0,0.0,-10000.0
0.05,0.2,1,0.47894737124443054,0.7799038303442692,0.0,0.0,0.0,1,0.47894737124443054,0.0,0.0,-10000.0,0.0,0.0,-10000.0
0.060000000000000005,0.01,1,0.6052631735801697,0.9600726260268007,0.0,0.0,0.0,2,0.4368421137332916,0.0,0.0,-10000.0,0.0,0.0,-10000.0
0.060000000000000005,0.02,1,0.3947368562221527,0.950377266311968,0.0,0.0,0.0,1,0.5631579160690308,0.9245092189497124,0.5,-9900.0,0.9245092189497124,0.5,-9900.0
0.060000000000000005,0.03,3,0.47894737124443054,0.9406819065971354,0.0,0.0,0.0,1,0.47894737124443054,0.0,0.0,-10000.0,0.0,0.0,-10000.0
0.060000000000000005,0.04,1,0.5631579160690308,0.9309865468823026,0.0,0.0,0.0,1,0.5631579160690308,0.0,0.0,-10000.0,0.0,0.0,-10000.0
0.060000000000000005,0.05,1,0.5210526585578918,0.9212911871674698,0.0,0.0,0.0,1,0.47894737124443054,0.0,0.0,-10000.0,0.0,0.0,-10000.0
0.060000000000000005,0.060000000000000005,1,0.47894737124443054,0.9115958274526373,0.0,0.0,0.0,1,0.47894737124443054,0.0,0.0,-10000.0,0.0,0.0,-10000.0
0.060000000000000005,0.06999999999999999,1,0.47894737124443054,0.9019004677378049,0.0,0.0,0.0,1,0.47894737124443054,0.0,0.0,-10000.0,0.0,0.0,-10000.0
0.060000000000000005,0.08,1,0.47894737124443054,0.892205108022972,0.0,0.0,0.0,1,0.47894737124443054,0.0,0.0,-10000.0,0.0,0.0,-10000.0
0.060000000000000005,0.09,1,0.47894737124443054,0.8825097483081393,0.8344492172127111,0.5,100.0,1,0.47894737124443054,0.0,0.0,-10000.0,-0.8344492172127111,-0.5,-10100.0
0.060000000000000005,0.09999999999999999,1,0.47894737124443054,0.8728143885933066,0.0,0.0,0.0,1,0.47894737124443054,0.0,0.0,-10000.0,0.0,0.0,-10000.0
0.060000000000000005,0.11,1,0.47894737124443054,0.863119028878474,0.0,0.0,0.0,1,0.47894737124443054,0.0,0.0,-10000.0,0.0,0.0,-10000.0
0.060000000000000005,0.12,1,0.47894737124443054,0.8534236691636412,0.0,0.0,0.0,1,0.47894737124443054,0.0,0.0,-10000.0,0.0,0.0,-10000.0
0.060000000000000005,0.13,1,0.47894737124443054,0.8437283094488086,0.0,0.0,0.0,1,0.47894737124443054,0.0,0.0,-10000.0,0.0,0.0,-10000.0
0.060000000000000005,0.14,1,0.47894737124443054,0.834032949733976,0.0,0.0,0.0,1,0.47894737124443054,0.0,0.0,-10000.0,0.0,0.0,-10000.0
0.060000000000000005,0.15000000000000002,1,0.47894737124443054,0.8243375900191434,0.0,0.0,0.0,1,0.47894737124443054,0.0,0.0,-10000.0,0.0,0.0,-10000.0
0.060000000000000005,0.16,1,0.47894737124443054,0.8146422303043106,0.729847065798815,0.5,100.0,1,0.47894737124443054,0.0,0.0,-10000.0,-0.729847065798815,-0.5,-10100.0
0.060000000000000005,0.17,1,0.47894737124443054,0.8049468705894781,0.0,0.0,0.0,1,0.47894737124443054,0.71649783885647,0.5,-9900.0,0.71649783885647,0.5,-9900.0
0.060000000000000005,0.18000000000000002,1,0.47894737124443054,0.7952515108746454,0.0,0.0,0.0,1,0.47894737124443054,0.0,0.0,-10000.0,0.0,0.0,-10000.0
0.060000000000000005,0.19,1,0.47894737124443054,0.7855561511598128,0.0,0.0,0.0,1,0.47894737124443054,0.0,0.0,-10000.0,0.0,0.0,-10000.0
0.060000000000000005,0.2,1,0.47894737124443054,0.77586079144498,0.0,0.0,0.0,1,0.47894737124443054,0.0,0.0,-10000.0,0.0,0.0,-10000.0
0.06999999999999999,0.01,1,0.6052631735801697,0.9550388872886553,0.0,0.0,0.0,1,0.6052631735801697,0.0,0.0,-10000.0,0.0,0.0,-10000.0
0.06999999999999999,0.02,3,0.5210526585578918,0.9453952365276624,0.0,0.0,0.0,1,0.6052631735801697,0.0,0.0,-10000.0,0.0,0.0,-10000.0
0.06999999999999999,0.03,3,0.47894737124443054,0.9357515857666694,0.0,0.0,0.0,1,0.6052631735801697,0.0,0.0,-10000.0,0.0,0.0,-10000.0
0.06999999999999999,0.04,1,0.5631579160690308,0.9261079350056763,0.0,0.0,0.0,1,0.4368421137332916,0.0,0.0,-10000.0,0.0,0.0,-10000.0
0.06999999999999999,0.05,1,0.5210526585578918,0.9164642842446833,0.8980055411169536,0.5,100.0,1,0.47894737124443054,0.0,0.0,-10000.0,-0.8980055411169536,-0.5,-10100.0
0.06999999999999999,0.060000000000000005,1,0.47894737124443054,0.9068206334836905,0.0,0.0,0.0,1,0.47894737124443054,0.0,0.0,-10000.0,0.0,0.0,-10000.0
0.06999999999999999,0.06999999999999999,1,0.47894737124443054,0.8971769827226977,0.0,0.0,0.0,1,0.47894737124443054,0.0,0.0,-10000.0,0.0,0.0,-10000.0
0.06999999999999999,0.08,1,0.47894737124443054,0.8875333319617046,0.0,0.0,0.0,1,0.47894737124443054,0.8508710447061183,0.5,-9900.0,0.8508710447061183,0.5,-9900.0
0.06999999999999999,0.09,1,0.47894737124443054,0.8778896812007116,0.0,0.0,0.0,1,0.47894737124443054,0.0,0.0,-10000.0,0.0,0.0,-10000.0
0.06999999999999999,0.09999999999999999,1,0.47894737124443054,0.8682460304397186,0.0,0.0,0.0,1,0.47894737124443054,0.0,0.0,-10000.0,0.0,0.0,-10000.0
0.06999999999999999,0.11,1,0.47894737124443054,0.8586023796787257,0.0,0.0,0.0,1,0.47894737124443054,0.0,0.0,-10000.0,0.0,0.0,-10000.0
0.06999999999999999,0.12,1,0.47894737124443054,0.8489587289177327,0.0,0.0,0.0,1,0.47894737124443054,0.0,0.0,-10000.0,0.0,0.0,-10000.0
0.06999999999999999,0.13,1,0.47894737124443054,0.8393150781567398,0.0,0.0,0.0,1,0.47894737124443054,0.0,0.0,-10000.0,0.0,0.0,-10000.0
0.06999999999999999,0.14,1,0.47894737124443054,0.8296714273957467,0.0,0.0,0.0,1,0.47894737124443054,0.0,0.0,-10000.0,0.0,0.0,-10000.0
0.06999999999999999,0.15000000000000002,1,0.47894737124443054,0.8200277766347539,0.0,0.0,0.0,1,0.47894737124443054,0.0,0.0,-10000.0,0.0,0.0,-10000.0
0.06999999999999999,0.16,1,0.47894737124443054,0.810384125873761,0.0,0.0,0.0,1,0.47894737124443054,0.0,0.0,-10000.0,0.0,0.0,-10000.0
0.06999999999999999,0.17,1,0.47894737124443054,0.800740475112768,0.0,0.0,0.0,1,0.47894737124443054,0.0,0.0,-10000.0,0.0,0.0,-10000.0
0.06999999999999999,0.18000000000000002,1,0.47894737124443054,0.7910968243517749,0.0,0.0,0.0,1,0.47894737124443054,0.0,0.0,-10000.0,0.0,0.0,-10000.0
0.06999999999999999,0.19,1,0.47894737124443054,0.7814531735907821,0.0,0.0,0.0,1,0.47894737124443054,0.0,0.0,-10000.0,0.0,0.0,-10000.0
0.06999999999999999,0.2,1,0.47894737124443054,0.771809522829789,0.0,0.0,0.0,1,0.47894737124443054,0.0,0.0,-10000.0,0.0,0.0,-10000.0
0.08,0.01,1,0.6052631735801697,0.949991489284647,0.0,0.0,0.0,1,0.6052631735801697,0.0,0.0,-10000.0,0.0,0.0,-10000.0
0.08,0.02,3,0.5210526585578918,0.9403998262380215,0.0,0.0,0.0,1,0.5631579160690308,0.0,0.0,-10000.0,0.0,0.0,-10000.0
0.08,0.03,2,0.5210526585578918,0.930808163191396,0.0,0.0,0.0,1,0.6052631735801697,0.0,0.0,-10000.0,0.0,0.0,-10000.0
0.08,0.04,1,0.5631579160690308,0.9212165001447705,0.0,0.0,0.0,1,0.47894737124443054,0.0,0.0,-10000.0,0.0,0.0,-10000.0
0.08,0.05,1,0.5210526585578918,0.911624837098145,0.0,0.0,0.0,2,0.47894737124443054,0.0,0.0,-10000.0,0.0,0.0,-10000.0
0.08,0.060000000000000005,1,0.47894737124443054,0.9020331740515197,0.0,0.0,0.0,1,0.47894737124443054,0.0,0.0,-10000.0,0.0,0.0,-10000.0
0.08,0.06999999999999999,1,0.47894737124443054,0.8924415110048944,0.0,0.0,0.0,1,0.47894737124443054,0.0,0.0,-10000.0,0.0,0.0,-10000.0
0.08,0.08,1,0.47894737124443054,0.8828498479582689,0.0,0.0,0.0,1,0.47894737124443054,0.0,0.0,-10000.0,0.0,0.0,-10000.0
0.08,0.09,1,0.47894737124443054,0.8732581849116434,0.0,0.0,0.0,1,0.5631579160690308,0.0,0.0,-10000.0,0.0,0.0,-10000.0
0.08,0.09999999999999999,1,0.47894737124443054,0.8636665218650179,0.0,0.0,0.0,1,0.47894737124443054,0.0,0.0,-10000.0,0.0,0.0,-10000.0
0.08,0.11,1,0.47894737124443054,0.8540748588183924,0.0,0.0,0.0,1,0.47894737124443054,0.0,0.0,-10000.0,0.0,0.0,-10000.0
0.08,0.12,1,0.47894737124443054,0.8444831957717671,0.7869112142409562,0.5,100.0,1,0.47894737124443054,0.0,0.0,-10000.0,-0.7869112142409562,-0.5,-10100.0
0.08,0.13,1,0.47894737124443054,0.8348915327251416,0.0,0.0,0.0,1,0.47894737124443054,0.0,0.0,-10000.0,0.0,0.0,-10000.0
0.08,0.14,1,0.47894737124443054,0.8252998696785162,0.0,0.0,0.0,1,0.47894737124443054,0.0,0.0,-10000.0,0.0,0.0,-10000.0
0.08,0.15000000000000002,1,0.47894737124443054,0.8157082066318908,0.0,0.0,0.0,1,0.47894737124443054,0.0,0.0,-10000.0,0.0,0.0,-10000.0
0.08,0.16,1,0.47894737124443054,0.8061165435852653,0.0,0.0,0.0,1,0.47894737124443054,0.0,0.0,-10000.0,0.0,0.0,-10000.0
0.08,0.17,1,0.47894737124443054,0.79652488053864,0.0,0.0,0.0,1,0.47894737124443054,0.0,0.0,-10000.0,0.0,0.0,-10000.0
0.08,0.18000000000000002,1,0.47894737124443054,0.7869332174920143,0.7032085587212764,0.5,100.0,1,0.47894737124443054,0.0,0.0,-10000.0,-0.7032085587212764,-0.5,-10100.0
0.08,0.19,1,0.47894737124443054,0.777341554445389,0.0,0.0,0.0,1,0.47894737124443054,0.0,0.0,-10000.0,0.0,0.0,-10000.0
0.08,0.2,1,0.47894737124443054,0.7677498913987635,0.0,0.0,0.0,1,0.47894737124443054,0.0,0.0,-10000.0,0.0,0.0,-10000.0
0.09,0.01,1,0.6052631735801697,0.9449302086943039,0.0,0.0,0.0,1,0.6052631735801697,0.0,0.0,-10000.0,0.0,0.0,-10000.0
0.09,0.02,1,0.5631579160690308,0.9353908166801344,0.0,0.0,0.0,1,0.6052631735801697,0.0,0.0,-10000.0,0.0,0.0,-10000.0
0.09,0.03,1,0.5631579160690308,0.9258514246659648,0.0,0.0,0.0,2,0.47894737124443054,0.0,0.0,-10000.0,0.0,0.0,-10000.0
0.09,0.04,2,0.47894737124443054,0.9163120326517954,0.0,0.0,0.0,1,0.47894737124443054,0.0,0.0,-10000.0,0.0,0.0,-10000.0
0.09,0.05,1,0.5210526585578918,0.9067726406376259,0.0,0.0,0.0,1,0.47894737124443054,0.0,0.0,-10000.0,0.0,0.0,-10000.0
0.09,0.060000000000000005,1,0.47894737124443054,0.8972332486234564,0.0,0.0,0.0,1,0.47894737124443054,0.0,0.0,-10000.0,0.0,0.0,-10000.0
0.09,0.06999999999999999,1,0.47894737124443054,0.8876938566092871,0.0,0.0,0.0,1,0.47894737124443054,0.0,0.0,-10000.0,0.0,0.0,-10000.0
0.09,0.08,1,0.47894737124443054,0.8781544645951177,0.0,0.0,0.0,1,0.47894737124443054,0.8504248913819417,0.5,-9900.0,0.8504248913819417,0.5,-9900.0
0.09,0.09,1,0.47894737124443054,0.868615072580948,0.0,0.0,0.0,1,0.47894737124443054,0.0,0.0,-10000.0,0.0,0.0,-10000.0
0.09,0.09999999999999999,1,0.47894737124443054,0.8590756805667786,0.0,0.0,0.0,1,0.5631579160690308,0.0,0.0,-10000.0,0.0,0.0,-10000.0
0.09,0.11,1,0.47894737124443054,0.8495362885526092,0.0,0.0,0.0,1,0.47894737124443054,0.0,0.0,-10000.0,0.0,0.0,-10000.0
0.09,0.12,1,0.47894737124443054,0.8399968965384398,0.0,0.0,0.0,1,0.47894737124443054,0.0,0.0,-10000.0,0.0,0.0,-10000.0
0.09,0.13,1,0.47894737124443054,0.8304575045242701,0.0,0.0,0.0,1,0.47894737124443054,0.0,0.0,-10000.0,0.0,0.0,-10000.0
0.09,0.14,1,0.47894737124443054,0.8209181125101007,0.0,0.0,0.0,1,0.47894737124443054,0.0,0.0,-10000.0,0.0,0.0,-10000.0
0.09,0.15000000000000002,1,0.47894737124443054,0.8113787204959313,0.0,0.0,0.0,1,0.47894737124443054,0.0,0.0,-10000.0,0.0,0.0,-10000.0
0.09,0.16,1,0.47894737124443054,0.8018393284817618,0.0,0.0,0.0,1,0.47894737124443054,0.0,0.0,-10000.0,0.0,0.0,-10000.0
0.09,0.17,1,0.47894737124443054,0.7922999364675926,0.0,0.0,0.0,1,0.47894737124443054,0.0,0.0,-10000.0,0.0,0.0,-10000.0
0.09,0.18000000000000002,1,0.47894737124443054,0.7827605444534229,0.0,0.0,0.0,1,0.47894737124443054,0.0,0.0,-10000.0,0.0,0.0,-10000.0
0.09,0.19,1,0.47894737124443054,0.7732211524392536,0.0,0.0,0.0,1,0.47894737124443054,0.0,0.0,-10000.0,0.0,0.0,-10000.0
0.09,0.2,1,0.47894737124443054,0.7636817604250841,0.0,0.0,0.0,1,0.47894737124443054,0.6782452009412638,0.5,-9900.0,0.6782452009412638,0.5,-9900.0
0.09999999999999999,0.01,1,0.6052631735801697,0.9398548160447522,0.0,0.0,0.0,1,0.6052631735801697,0.0,0.0,-10000.0,0.0,0.0,-10000.0
0.09999999999999999,0.02,1,0.5631579160690308,0.9303679830642471,0.0,0.0,0.0,1,0.47894737124443054,0.0,0.0,-10000.0,0.0,0.0,-10000.0
0.09999999999999999,0.03,1,0.5631579160690308,0.9208811500837419,0.0,0.0,0.0,2,0.47894737124443054,0.0,0.0,-10000.0,0.0,0.0,-10000.0
0.09999999999999999,0.04,2,0.47894737124443054,0.9113943171032367,0.0,0.0,0.0,1,0.47894737124443054,0.0,0.0,-10000.0,0.0,0.0,-10000.0
0.09999999999999999,0.05,1,0.5210526585578918,0.9019074841227315,0.0,0.0,0.0,1,0.47894737124443054,0.0,0.0,-10000.0,0.0,0.0,-10000.0
0.09999999999999999,0.060000000000000005,1,0.47894737124443054,0.8924206511422264,0.0,0.0,0.0,1,0.47894737124443054,0.8843599943671162,0.5,-9900.0,0.8843599943671162,0.5,-9900.0
0.09999999999999999,0.06999999999999999,1,0.47894737124443054,0.8829338181617215,0.0,0.0,0.0,1,0.47894737124443054,0.8670254394271943,0.5,-9900.0,0.8670254394271943,0.5,-9900.0
0.09999999999999999,0.08,1,0.47894737124443054,0.8734469851812162,0.0,0.0,0.0,1,0.47894737124443054,0.0,0.0,-10000.0,0.0,0.0,-10000.0
0.09999999999999999,0.09,1,0.47894737124443054,0.8639601522007111,0.0,0.0,0.0,1,0.47894737124443054,0.0,0.0,-10000.0,0.0,0.0,-10000.0
0.09999999999999999,0.09999999999999999,1,0.47894737124443054,0.8544733192202059,0.0,0.0,0.0,1,0.47894737124443054,0.0,0.0,-10000.0,0.0,0.0,-10000.0
0.09999999999999999,0.11,1,0.47894737124443054,0.8449864862397007,0.0,0.0,0.0,1,0.47894737124443054,0.0,0.0,-10000.0,0.0,0.0,-10000.0
0.09999999999999999,0.12,1,0.47894737124443054,0.8354996532591956,0.0,0.0,0.0,1,0.47894737124443054,0.0,0.0,-10000.0,0.0,0.0,-10000.0
0.09999999999999999,0.13,1,0.47894737124443054,0.8260128202786903,0.0,0.0,0.0,1,0.47894737124443054,0.0,0.0,-10000.0,0.0,0.0,-10000.0
0.09999999999999999,0.14,1,0.47894737124443054,0.8165259872981852,0.7568414292918295,0.5,100.0,1,0.47894737124443054,0.0,0.0,-10000.0,-0.7568414292918295,-0.5,-10100.0
0.09999999999999999,0.15000000000000002,1,0.47894737124443054,0.8070391543176803,0.0,0.0,0.0,1,0.47894737124443054,0.0,0.0,-10000.0,0.0,0.0,-10000.0
0.09999999999999999,0.16,1,0.47894737124443054,0.7975523213371749,0.0,0.0,0.0,1,0.47894737124443054,0.0,0.0,-10000.0,0.0,0.0,-10000.0
0.09999999999999999,0.17,1,0.47894737124443054,0.78806548835667,0.0,0.0,0.0,1,0.47894737124443054,0.0,0.0,-10000.0,0.0,0.0,-10000.0
0.09999999999999999,0.18000000000000002,1,0.47894737124443054,0.7785786553761647,0.0,0.0,0.0,1,0.47894737124443054,0.0,0.0,-10000.0,0.0,0.0,-10000.0
0.09999999999999999,0.19,1,0.47894737124443054,0.7690918223956597,0.0,0.0,0.0,1,0.47894737124443054,0.0,0.0,-10000.0,0.0,0.0,-10000.0
0.09999999999999999,0.2,1,0.47894737124443054,0.7596049894151545,0.0,0.0,0.0,1,0.47894737124443054,0.6779393171514961,0.5,-9900.0,0.6779393171514961,0.5,-9900.0
0.11,0.01,1,0.6052631735801697,0.9347650754707739,0.0,0.0,0.0,1,0.5631579160690308,0.0,0.0,-10000.0,0.0,0.0,-10000.0
0.11,0.02,3,0.5210526585578918,0.9253310943387174,0.0,0.0,0.0,2,0.47894737124443054,0.0,0.0,-10000.0,0.0,0.0,-10000.0
0.11,0.03,1,0.5631579160690308,0.9158971132066609,0.0,0.0,0.0,1,0.47894737124443054,0.0,0.0,-10000.0,0.0,0.0,-10000.0
0.11,0.04,2,0.47894737124443054,0.9064631320746042,0.0,0.0,0.0,1,0.5631579160690308,0.0,0.0,-10000.0,0.0,0.0,-10000.0
0.11,0.05,1,0.5210526585578918,0.8970291509425474,0.0,0.0,0.0,1,0.47894737124443054,0.0,0.0,-10000.0,0.0,0.0,-10000.0
0.11,0.060000000000000005,1,0.47894737124443054,0.8875951698104909,0.0,0.0,0.0,1,0.47894737124443054,0.0,0.0,-10000.0,0.0,0.0,-10000.0
0.11,0.06999999999999999,1,0.47894737124443054,0.8781611886784344,0.0,0.0,0.0,1,0.47894737124443054,0.0,0.0,-10000.0,0.0,0.0,-10000.0
0.11,0.08,1,0.47894737124443054,0.8687272075463778,0.8496757427031805,0.5,100.0,1,0.47894737124443054,0.0,0.0,-10000.0,-0.8496757427031805,-0.5,-10100.0
0.11,0.09,1,0.47894737124443054,0.8592932264143212,0.0,0.0,0.0,1,0.47894737124443054,0.0,0.0,-10000.0,0.0,0.0,-10000.0
0.11,0.09999999999999999,1,0.47894737124443054,0.8498592452822644,0.0,0.0,0.0,1,0.47894737124443054,0.0,0.0,-10000.0,0.0,0.0,-10000.0
0.11,0.11,1,0.47894737124443054,0.8404252641502079,0.0,0.0,0.0,1,0.47894737124443054,0.0,0.0,-10000.0,0.0,0.0,-10000.0
0.11,0.12,1,0.47894737124443054,0.8309912830181514,0.0,0.0,0.0,1,0.47894737124443054,0.0,0.0,-10000.0,0.0,0.0,-10000.0
0.11,0.13,1,0.47894737124443054,0.8215573018860947,0.0,0.0,0.0,1,0.47894737124443054,0.0,0.0,-10000.0,0.0,0.0,-10000.0
0.11,0.14,1,0.47894737124443054,0.812123320754038,0.0,0.0,0.0,1,0.47894737124443054,0.0,0.0,-10000.0,0.0,0.0,-10000.0
0.11,0.15000000000000002,1,0.47894737124443054,0.8026893396219816,0.0,0.0,0.0,1,0.47894737124443054,0.0,0.0,-10000.0,0.0,0.0,-10000.0
0.11,0.16,1,0.47894737124443054,0.7932553584899249,0.0,0.0,0.0,1,0.47894737124443054,0.0,0.0,-10000.0,0.0,0.0,-10000.0
0.11,0.17,1,0.47894737124443054,0.7838213773578684,0.0,0.0,0.0,1,0.47894737124443054,0.0,0.0,-10000.0,0.0,0.0,-10000.0
0.11,0.18000000000000002,1,0.47894737124443054,0.7743873962258115,0.0,0.0,0.0,1,0.47894737124443054,0.0,0.0,-10000.0,0.0,0.0,-10000.0
0.11,0.19,1,0.47894737124443054,0.7649534150937551,0.0,0.0,0.0,1,0.47894737124443054,0.0,0.0,-10000.0,0.0,0.0,-10000.0
0.11,0.2,1,0.47894737124443054,0.7555194339616984,0.0,0.0,0.0,1,0.47894737124443054,0.0,0.0,-10000.0,0.0,0.0,-10000.0
0.12,0.01,1,0.6052631735801697,0.9296607444626965,0.0,0.0,0.0,1,0.47894737124443054,0.0,0.0,-10000.0,0.0,0.0,-10000.0
0.12,0.02,3,0.5210526585578918,0.9202799129430497,0.0,0.0,0.0,1,0.47894737124443054,0.0,0.0,-10000.0,0.0,0.0,-10000.0
0.12,0.03,1,0.5631579160690308,0.9108990814234028,0.0,0.0,0.0,1,0.5210526585578918,0.0,0.0,-10000.0,0.0,0.0,-10000.0
0.12,0.04,2,0.47894737124443054,0.901518249903756,0.0,0.0,0.0,2,0.47894737124443054,0.0,0.0,-10000.0,0.0,0.0,-10000.0
0.12,0.05,1,0.5210526585578918,0.892137418384109,0.0,0.0,0.0,1,0.5210526585578918,0.0,0.0,-10000.0,0.0,0.0,-10000.0
0.12,0.060000000000000005,1,0.47894737124443054,0.8827565868644621,0.0,0.0,0.0,1,0.47894737124443054,0.0,0.0,-10000.0,0.0,0.0,-10000.0
0.12,0.06999999999999999,1,0.47894737124443054,0.8733757553448155,0.0,0.0,0.0,1,0.47894737124443054,0.0,0.0,-10000.0,0.0,0.0,-10000.0
0.12,0.08,1,0.47894737124443054,0.8639949238251685,0.0,0.0,0.0,1,0.47894737124443054,0.0,0.0,-10000.0,0.0,0.0,-10000.0
0.12,0.09,1,0.47894737124443054,0.8546140923055217,0.0,0.0,0.0,1,0.47894737124443054,0.0,0.0,-10000.0,0.0,0.0,-10000.0
0.12,0.09999999999999999,1,0.47894737124443054,0.8452332607858748,0.0,0.0,0.0,1,0.47894737124443054,0.0,0.0,-10000.0,0.0,0.0,-10000.0
0.12,0.11,1,0.47894737124443054,0.8358524292662279,0.0,0.0,0.0,1,0.47894737124443054,0.0,0.0,-10000.0,0.0,0.0,-10000.0
0.12,0.12,1,0.47894737124443054,0.8264715977465811,0.0,0.0,0.0,1,0.47894737124443054,0.0,0.0,-10000.0,0.0,0.0,-10000.0
0.12,0.13,1,0.47894737124443054,0.8170907662269341,0.7705358275039262,0.5,100.0,1,0.47894737124443054,0.0,0.0,-10000.0,-0.7705358275039262,-0.5,-10100.0
0.12,0.14,1,0.47894737124443054,0.8077099347072872,0.0,0.0,0.0,1,0.47894737124443054,0.0,0.0,-10000.0,0.0,0.0,-10000.0
0.12,0.15000000000000002,1,0.47894737124443054,0.7983291031876405,0.0,0.0,0.0,1,0.47894737124443054,0.0,0.0,-10000.0,0.0,0.0,-10000.0
0.12,0.16,1,0.47894737124443054,0.7889482716679935,0.0,0.0,0.0,1,0.47894737124443054,0.0,0.0,-10000.0,0.0,0.0,-10000.0
0.12,0.17,1,0.47894737124443054,0.7795674401483469,0.0,0.0,0.0,1,0.47894737124443054,0.0,0.0,-10000.0,0.0,0.0,-10000.0
0.12,0.18000000000000002,1,0.47894737124443054,0.7701866086286998,0.0,0.0,0.0,1,0.47894737124443054,0.0,0.0,-10000.0,0.0,0.0,-10000.0
0.12,0.19,1,0.47894737124443054,0.7608057771090531,0.0,0.0,0.0,1,0.47894737124443054,0.0,0.0,-10000.0,0.0,0.0,-10000.0
0.12,0.2,1,0.47894737124443054,0.7514249455894062,0.0,0.0,0.0,1,0.47894737124443054,0.0,0.0,-10000.0,0.0,0.0,-10000.0
0.13,0.01,1,0.6052631735801697,0.9245415736013523,0.0,0.0,0.0,1,0.5631579160690308,0.0,0.0,-10000.0,0.0,0.0,-10000.0
0.13,0.02,3,0.5210526585578918,0.9152141945482635,0.0,0.0,0.0,1,0.5210526585578918,0.0,0.0,-10000.0,0.0,0.0,-10000.0
0.13,0.03,1,0.5631579160690308,0.9058868154951747,0.0,0.0,0.0,1,0.47894737124443054,0.0,0.0,-10000.0,0.0,0.0,-10000.0
0.13,0.04,2,0.47894737124443054,0.8965594364420858,0.0,0.0,0.0,1,0.47894737124443054,0.0,0.0,-10000.0,0.0,0.0,-10000.0
0.13,0.05,1,0.5210526585578918,0.8872320573889969,0.0,0.0,0.0,1,0.47894737124443054,0.0,0.0,-10000.0,0.0,0.0,-10000.0
0.13,0.060000000000000005,1,0.47894737124443054,0.8779046783359081,0.0,0.0,0.0,1,0.47894737124443054,0.0,0.0,-10000.0,0.0,0.0,-10000.0
0.13,0.06999999999999999,1,0.47894737124443054,0.8685772992828196,0.0,0.0,0.0,1,0.47894737124443054,0.8655185309230664,0.5,-9900.0,0.8655185309230664,0.5,-9900.0
0.13,0.08,1,0.47894737124443054,0.8592499202297306,0.0,0.0,0.0,1,0.47894737124443054,0.0,0.0,-10000.0,0.0,0.0,-10000.0
0.13,0.09,1,0.47894737124443054,0.8499225411766418,0.0,0.0,0.0,1,0.47894737124443054,0.0,0.0,-10000.0,0.0,0.0,-10000.0
0.13,0.09999999999999999,1,0.47894737124443054,0.8405951621235529,0.0,0.0,0.0,1,0.47894737124443054,0.0,0.0,-10000.0,0.0,0.0,-10000.0
0.13,0.11,1,0.47894737124443054,0.8312677830704641,0.0,0.0,0.0,1,0.47894737124443054,0.0,0.0,-10000.0,0.0,0.0,-10000.0
0.13,0.12,1,0.47894737124443054,0.8219404040173753,0.0,0.0,0.0,1,0.47894737124443054,0.0,0.0,-10000.0,0.0,0.0,-10000.0
0.13,0.13,1,0.47894737124443054,0.8126130249642864,0.0,0.0,0.0,1,0.47894737124443054,0.0,0.0,-10000.0,0.0,0.0,-10000.0
0.13,0.14,1,0.47894737124443054,0.8032856459111977,0.0,0.0,0.0,1,0.47894737124443054,0.0,0.0,-10000.0,0.0,0.0,-10000.0
0.13,0.15000000000000002,1,0.47894737124443054,0.7939582668581089,0.0,0.0,0.0,1,0.47894737124443054,0.0,0.0,-10000.0,0.0,0.0,-10000.0
0.13,0.16,1,0.47894737124443054,0.78463088780502,0.0,0.0,0.0,1,0.47894737124443054,0.0,0.0,-10000.0,0.0,0.0,-10000.0
0.13,0.17,1,0.47894737124443054,0.7753035087519313,0.0,0.0,0.0,1,0.47894737124443054,0.0,0.0,-10000.0,0.0,0.0,-10000.0
0.13,0.18000000000000002,1,0.47894737124443054,0.7659761296988423,0.0,0.0,0.0,1,0.47894737124443054,0.0,0.0,-10000.0,0.0,0.0,-10000.0
0.13,0.19,1,0.47894737124443054,0.7566487506457535,0.0,0.0,0.0,1,0.47894737124443054,0.0,0.0,-10000.0,0.0,0.0,-10000.0
0.13,0.2,1,0.47894737124443054,0.7473213715926648,0.0,0.0,0.0,1,0.47894737124443054,0.0,0.0,-10000.0,0.0,0.0,-10000.0
0.14,0.01,1,0.5631579160690308,0.91940730627929,0.0,0.0,0.0,1,0.5631579160690308,0.0,0.0,-10000.0,0.0,0.0,-10000.0
0.14,0.02,2,0.4368421137332916,0.9101336877837942,0.0,0.0,0.0,1,0.5631579160690308,0.0,0.0,-10000.0,0.0,0.0,-10000.0
0.14,0.03,2,0.5210526585578918,0.9008600692882984,0.0,0.0,0.0,1,0.5631579160690308,0.0,0.0,-10000.0,0.0,0.0,-10000.0
0.14,0.04,2,0.47894737124443054,0.8915864507928026,0.0,0.0,0.0,1,0.47894737124443054,0.0,0.0,-10000.0,0.0,0.0,-10000.0
0.14,0.05,1,0.47894737124443054,0.8823128322973068,0.0,0.0,0.0,1,0.47894737124443054,0.0,0.0,-10000.0,0.0,0.0,-10000.0
0.14,0.060000000000000005,1,0.47894737124443054,0.8730392138018113,0.0,0.0,0.0,1,0.47894737124443054,0.0,0.0,-10000.0,0.0,0.0,-10000.0
0.14,0.06999999999999999,1,0.47894737124443054,0.8637655953063157,0.0,0.0,0.0,1,0.47894737124443054,0.0,0.0,-10000.0,0.0,0.0,-10000.0
0.14,0.08,1,0.47894737124443054,0.8544919768108199,0.0,0.0,0.0,1,0.47894737124443054,0.0,0.0,-10000.0,0.0,0.0,-10000.0
0.14,0.09,1,0.47894737124443054,0.8452183583153242,0.0,0.0,0.0,1,0.47894737124443054,0.0,0.0,-10000.0,0.0,0.0,-10000.0
0.14,0.09999999999999999,1,0.47894737124443054,0.8359447398198284,0.0,0.0,0.0,1,0.47894737124443054,0.0,0.0,-10000.0,0.0,0.0,-10000.0
0.14,0.11,1,0.47894737124443054,0.8266711213243327,0.0,0.0,0.0,1,0.47894737124443054,0.0,0.0,-10000.0,0.0,0.0,-10000.0
0.14,0.12,1,0.47894737124443054,0.8173975028288372,0.0,0.0,0.0,1,0.47894737124443054,0.0,0.0,-10000.0,0.0,0.0,-10000.0
0.14,0.13,1,0.47894737124443054,0.8081238843333414,0.0,0.0,0.0,1,0.47894737124443054,0.0,0.0,-10000.0,0.0,0.0,-10000.0
0.14,0.14,1,0.47894737124443054,0.7988502658378457,0.0,0.0,0.0,1,0.47894737124443054,0.0,0.0,-10000.0,0.0,0.0,-10000.0
0.14,0.15000000000000002,1,0.47894737124443054,0.78957664734235,0.0,0.0,0.0,1,0.47894737124443054,0.0,0.0,-10000.0,0.0,0.0,-10000.0
0.14,0.16,1,0.47894737124443054,0.7803030288468542,0.0,0.0,0.0,1,0.47894737124443054,0.0,0.0,-10000.0,0.0,0.0,-10000.0
0.14,0.17,1,0.47894737124443054,0.7710294103513586,0.0,0.0,0.0,1,0.47894737124443054,0.0,0.0,-10000.0,0.0,0.0,-10000.0
0.14,0.18000000000000002,1,0.47894737124443054,0.7617557918558628,0.0,0.0,0.0,1,0.47894737124443054,0.0,0.0,-10000.0,0.0,0.0,-10000.0
0.14,0.19,1,0.47894737124443054,0.752482173360367,0.0,0.0,0.0,1,0.47894737124443054,0.0,0.0,-10000.0,0.0,0.0,-10000.0
0.14,0.2,1,0.47894737124443054,0.7432085548648715,0.0,0.0,0.0,1,0.47894737124443054,0.0,0.0,-10000.0,0.0,0.0,-10000.0
0.15000000000000002,0.01,1,0.6052631735801697,0.914257678407352,0.0,0.0,0.0,1,0.47894737124443054,0.0,0.0,-10000.0,0.0,0.0,-10000.0
0.15000000000000002,0.02,2,0.4368421137332916,0.905038133950059,0.0,0.0,0.0,2,0.47894737124443054,0.0,0.0,-10000.0,0.0,0.0,-10000.0
0.15000000000000002,0.03,2,0.5210526585578918,0.8958185894927662,0.0,0.0,0.0,1,0.5631579160690308,0.0,0.0,-10000.0,0.0,0.0,-10000.0
0.15000000000000002,0.04,2,0.47894737124443054,0.8865990450354733,0.0,0.0,0.0,2,0.47894737124443054,0.0,0.0,-10000.0,0.0,0.0,-10000.0
0.15000000000000002,0.05,1,0.47894737124443054,0.8773795005781801,0.0,0.0,0.0,1,0.5631579160690308,0.0,0.0,-10000.0,0.0,0.0,-10000.0
0.15000000000000002,0.060000000000000005,1,0.47894737124443054,0.8681599561208875,0.0,0.0,0.0,1,0.47894737124443054,0.0,0.0,-10000.0,0.0,0.0,-10000.0
0.15000000000000002,0.06999999999999999,1,0.47894737124443054,0.8589404116635948,0.0,0.0,0.0,1,0.47894737124443054,0.0,0.0,-10000.0,0.0,0.0,-10000.0
0.15000000000000002,0.08,1,0.47894737124443054,0.8497208672063017,0.0,0.0,0.0,1,0.47894737124443054,0.8471904659735057,0.5,-9900.0,0.8471904659735057,0.5,-9900.0
0.15000000000000002,0.09,1,0.47894737124443054,0.8405013227490088,0.0,0.0,0.0,1,0.47894737124443054,0.0,0.0,-10000.0,0.0,0.0,-10000.0
0.15000000000000002,0.09999999999999999,1,0.47894737124443054,0.8312817782917159,0.0,0.0,0.0,1,0.47894737124443054,0.0,0.0,-10000.0,0.0,0.0,-10000.0
0.15000000000000002,0.11,1,0.47894737124443054,0.822062233834423,0.0,0.0,0.0,1,0.47894737124443054,0.0,0.0,-10000.0,0.0,0.0,-10000.0
0.15000000000000002,0.12,1,0.47894737124443054,0.8128426893771301,0.0,0.0,0.0,1,0.47894737124443054,0.0,0.0,-10000.0,0.0,0.0,-10000.0
0.15000000000000002,0.13,1,0.47894737124443054,0.8036231449198371,0.0,0.0,0.0,1,0.47894737124443054,0.0,0.0,-10000.0,0.0,0.0,-10000.0
0.15000000000000002,0.14,1,0.47894737124443054,0.7944036004625443,0.0,0.0,0.0,1,0.47894737124443054,0.0,0.0,-10000.0,0.0,0.0,-10000.0
0.15000000000000002,0.15000000000000002,1,0.47894737124443054,0.7851840560052515,0.0,0.0,0.0,1,0.47894737124443054,0.0,0.0,-10000.0,0.0,0.0,-10000.0
0.15000000000000002,0.16,1,0.47894737124443054,0.7759645115479585,0.0,0.0,0.0,1,0.47894737124443054,0.0,0.0,-10000.0,0.0,0.0,-10000.0
0.15000000000000002,0.17,1,0.47894737124443054,0.7667449670906659,0.0,0.0,0.0,1,0.47894737124443054,0.0,0.0,-10000.0,0.0,0.0,-10000.0
0.15000000000000002,0.18000000000000002,1,0.47894737124443054,0.7575254226333727,0.0,0.0,0.0,1,0.47894737124443054,0.0,0.0,-10000.0,0.0,0.0,-10000.0
0.15000000000000002,0.19,1,0.47894737124443054,0.7483058781760799,0.0,0.0,0.0,1,0.47894737124443054,0.0,0.0,-10000.0,0.0,0.0,-10000.0
0.15000000000000002,0.2,1,0.47894737124443054,0.739086333718787,0.0,0.0,0.0,1,0.47894737124443054,0.0,0.0,-10000.0,0.0,0.0,-10000.0
0.16,0.01,1,0.5631579160690308,0.9090924181056727,0.0,0.0,0.0,1,0.6052631735801697,0.0,0.0,-10000.0,0.0,0.0,-10000.0
0.16,0.02,1,0.5631579160690308,0.8999272667157612,0.0,0.0,0.0,1,0.5210526585578918,0.0,0.0,-10000.0,0.0,0.0,-10000.0
0.16,0.03,1,0.5210526585578918,0.8907621153258494,0.0,0.0,0.0,1,0.47894737124443054,0.0,0.0,-10000.0,0.0,0.0,-10000.0
0.16,0.04,1,0.5210526585578918,0.8815969639359377,0.0,0.0,0.0,1,0.5631579160690308,0.0,0.0,-10000.0,0.0,0.0,-10000.0
0.16,0.05,1,0.47894737124443054,0.8724318125460258,0.0,0.0,0.0,1,0.47894737124443054,0.0,0.0,-10000.0,0.0,0.0,-10000.0
0.16,0.060000000000000005,1,0.47894737124443054,0.8632666611561142,0.0,0.0,0.0,1,0.47894737124443054,0.0,0.0,-10000.0,0.0,0.0,-10000.0
0.16,0.06999999999999999,1,0.47894737124443054,0.8541015097662028,0.0,0.0,0.0,1,0.47894737124443054,0.0,0.0,-10000.0,0.0,0.0,-10000.0
0.16,0.08,1,0.47894737124443054,0.844936358376291,0.0,0.0,0.0,1,0.47894737124443054,0.0,0.0,-10000.0,0.0,0.0,-10000.0
0.16,0.09,1,0.47894737124443054,0.8357712069863792,0.0,0.0,0.0,1,0.47894737124443054,0.0,0.0,-10000.0,0.0,0.0,-10000.0
0.16,0.09999999999999999,1,0.47894737124443054,0.8266060555964675,0.0,0.0,0.0,2,0.47894737124443054,0.0,0.0,-10000.0,0.0,0.0,-10000.0
0.16,0.11,1,0.47894737124443054,0.8174409042065559,0.0,0.0,0.0,1,0.47894737124443054,0.0,0.0,-10000.0,0.0,0.0,-10000.0
0.16,0.12,1,0.47894737124443054,0.8082757528166442,0.0,0.0,0.0,1,0.47894737124443054,0.0,0.0,-10000.0,0.0,0.0,-10000.0
0.16,0.13,1,0.47894737124443054,0.7991106014267324,0.0,0.0,0.0,1,0.47894737124443054,0.0,0.0,-10000.0,0.0,0.0,-10000.0
0.16,0.14,1,0.47894737124443054,0.7899454500368208,0.0,0.0,0.0,1,0.47894737124443054,0.0,0.0,-10000.0,0.0,0.0,-10000.0
0.16,0.15000000000000002,1,0.47894737124443054,0.7807802986469092,0.0,0.0,0.0,1,0.47894737124443054,0.0,0.0,-10000.0,0.0,0.0,-10000.0
0.16,0.16,1,0.47894737124443054,0.7716151472569974,0.0,0.0,0.0,1,0.47894737124443054,0.7256691726592845,0.5,-9900.0,0.7256691726592845,0.5,-9900.0
0.16,0.17,1,0.47894737124443054,0.7624499958670858,0.0,0.0,0.0,1,0.47894737124443054,0.0,0.0,-10000.0,0.0,0.0,-10000.0
0.16,0.18000000000000002,1,0.47894737124443054,0.753284844477174,0.0,0.0,0.0,1,0.47894737124443054,0.0,0.0,-10000.0,0.0,0.0,-10000.0
0.16,0.19,1,0.47894737124443054,0.7441196930872624,0.0,0.0,0.0,1,0.47894737124443054,0.0,0.0,-10000.0,0.0,0.0,-10000.0
0.16,0.2,1,0.47894737124443054,0.7349545416973506,0.0,0.0,0.0,1,0.47894737124443054,0.0,0.0,-10000.0,0.0,0.0,-10000.0
0.17,0.01,1,0.5631579160690308,0.9039112453780711,0.0,0.0,0.0,1,0.5631579160690308,0.0,0.0,-10000.0,0.0,0.0,-10000.0
0.17,0.02,1,0.5631579160690308,0.8948008117989268,0.0,0.0,0.0,1,0.5210526585578918,0.0,0.0,-10000.0,0.0,0.0,-10000.0
0.17,0.03,1,0.5210526585578918,0.8856903782197825,0.0,0.0,0.0,1,0.47894737124443054,0.0,0.0,-10000.0,0.0,0.0,-10000.0
0.17,0.04,1,0.5210526585578918,0.8765799446406382,0.0,0.0,0.0,1,0.47894737124443054,0.0,0.0,-10000.0,0.0,0.0,-10000.0
0.17,0.05,1,0.47894737124443054,0.8674695110614937,0.0,0.0,0.0,1,0.47894737124443054,0.0,0.0,-10000.0,0.0,0.0,-10000.0
0.17,0.060000000000000005,1,0.47894737124443054,0.8583590774823495,0.0,0.0,0.0,1,0.47894737124443054,0.0,0.0,-10000.0,0.0,0.0,-10000.0
0.17,0.06999999999999999,1,0.47894737124443054,0.8492486439032054,0.0,0.0,0.0,1,0.47894737124443054,0.0,0.0,-10000.0,0.0,0.0,-10000.0
0.17,0.08,1,0.47894737124443054,0.840138210324061,0.0,0.0,0.0,1,0.47894737124443054,0.0,0.0,-10000.0,0.0,0.0,-10000.0
0.17,0.09,1,0.47894737124443054,0.8310277767449166,0.0,0.0,0.0,1,0.47894737124443054,0.0,0.0,-10000.0,0.0,0.0,-10000.0
0.17,0.09999999999999999,1,0.47894737124443054,0.8219173431657723,0.8128990504569591,0.5,100.0,1,0.47894737124443054,0.0,0.0,-10000.0,-0.8128990504569591,-0.5,-10100.0
0.17,0.11,1,0.47894737124443054,0.812806909586628,0.0,0.0,0.0,1,0.47894737124443054,0.0,0.0,-10000.0,0.0,0.0,-10000.0
0.17,0.12,1,0.47894737124443054,0.8036964760074838,0.0,0.0,0.0,1,0.47894737124443054,0.0,0.0,-10000.0,0.0,0.0,-10000.0
0.17,0.13,1,0.47894737124443054,0.7945860424283394,0.0,0.0,0.0,1,0.47894737124443054,0.0,0.0,-10000.0,0.0,0.0,-10000.0
0.17,0.14,1,0.47894737124443054,0.7854756088491952,0.0,0.0,0.0,1,0.47894737124443054,0.0,0.0,-10000.0,0.0,0.0,-10000.0
0.17,0.15000000000000002,1,0.47894737124443054,0.7763651752700509,0.0,0.0,0.0,1,0.47894737124443054,0.7385521221075313,0.5,-9900.0,0.7385521221075313,0.5,-9900.0
0.17,0.16,1,0.47894737124443054,0.7672547416909066,0.7248722872912368,0.5,100.0,1,0.47894737124443054,0.0,0.0,-10000.0,-0.7248722872912368,-0.5,-10100.0
0.17,0.17,1,0.47894737124443054,0.7581443081117623,0.0,0.0,0.0,1,0.47894737124443054,0.0,0.0,-10000.0,0.0,0.0,-10000.0
0.17,0.18000000000000002,1,0.47894737124443054,0.7490338745326179,0.0,0.0,0.0,1,0.47894737124443054,0.0,0.0,-10000.0,0.0,0.0,-10000.0
0.17,0.19,1,0.47894737124443054,0.7399234409534737,0.0,0.0,0.0,1,0.47894737124443054,0.0,0.0,-10000.0,0.0,0.0,-10000.0
0.17,0.2,1,0.47894737124443054,0.7308130073743293,0.0,0.0,0.0,1,0.47894737124443054,0.0,0.0,-10000.0,0.0,0.0,-10000.0
0.18000000000000002,0.01,1,0.5631579160690308,0.8987138717687337,0.0,0.0,0.0,1,0.47894737124443054,0.0,0.0,-10000.0,0.0,0.0,-10000.0
0.18000000000000002,0.02,1,0.5631579160690308,0.8896584866305964,0.0,0.0,0.0,2,0.47894737124443054,0.0,0.0,-10000.0,0.0,0.0,-10000.0
0.18000000000000002,0.03,1,0.5210526585578918,0.8806031014924589,0.0,0.0,0.0,1,0.47894737124443054,0.0,0.0,-10000.0,0.0,0.0,-10000.0
0.18000000000000002,0.04,1,0.5210526585578918,0.8715477163543215,0.9006620334965136,0.5,100.0,1,0.5631579160690308,0.0,0.0,-10000.0,-0.9006620334965136,-0.5,-10100.0
0.18000000000000002,0.05,1,0.47894737124443054,0.8624923312161841,0.0,0.0,0.0,1,0.47894737124443054,0.0,0.0,-10000.0,0.0,0.0,-10000.0
0.18000000000000002,0.060000000000000005,1,0.47894737124443054,0.8534369460780467,0.0,0.0,0.0,1,0.47894737124443054,0.0,0.0,-10000.0,0.0,0.0,-10000.0
0.18000000000000002,0.06999999999999999,1,0.47894737124443054,0.8443815609399095,0.0,0.0,0.0,1,0.5631579160690308,0.0,0.0,-10000.0,0.0,0.0,-10000.0
0.18000000000000002,0.08,1,0.47894737124443054,0.8353261758017718,0.0,0.0,0.0,1,0.47894737124443054,0.0,0.0,-10000.0,0.0,0.0,-10000.0
0.18000000000000002,0.09,1,0.47894737124443054,0.8262707906636344,0.0,0.0,0.0,1,0.47894737124443054,0.0,0.0,-10000.0,0.0,0.0,-10000.0
0.18000000000000002,0.09999999999999999,1,0.47894737124443054,0.817215405525497,0.0,0.0,0.0,1,0.47894737124443054,0.0,0.0,-10000.0,0.0,0.0,-10000.0
0.18000000000000002,0.11,1,0.47894737124443054,0.8081600203873596,0.0,0.0,0.0,1,0.47894737124443054,0.0,0.0,-10000.0,0.0,0.0,-10000.0
0.18000000000000002,0.12,1,0.47894737124443054,0.7991046352492223,0.0,0.0,0.0,1,0.47894737124443054,0.0,0.0,-10000.0,0.0,0.0,-10000.0
0.18000000000000002,0.13,1,0.47894737124443054,0.7900492501110847,0.0,0.0,0.0,1,0.47894737124443054,0.0,0.0,-10000.0,0.0,0.0,-10000.0
0.18000000000000002,0.14,1,0.47894737124443054,0.7809938649729473,0.0,0.0,0.0,1,0.47894737124443054,0.0,0.0,-10000.0,0.0,0.0,-10000.0
0.18000000000000002,0.15000000000000002,1,0.47894737124443054,0.77193847983481,0.0,0.0,0.0,1,0.47894737124443054,0.0,0.0,-10000.0,0.0,0.0,-10000.0
0.18000000000000002,0.16,1,0.47894737124443054,0.7628830946966725,0.0,0.0,0.0,1,0.47894737124443054,0.0,0.0,-10000.0,0.0,0.0,-10000.0
0.18000000000000002,0.17,1,0.47894737124443054,0.7538277095585351,0.0,0.0,0.0,1,0.47894737124443054,0.0,0.0,-10000.0,0.0,0.0,-10000.0
0.18000000000000002,0.18000000000000002,1,0.47894737124443054,0.7447723244203976,0.0,0.0,0.0,1,0.47894737124443054,0.0,0.0,-10000.0,0.0,0.0,-10000.0
0.18000000000000002,0.19,1,0.47894737124443054,0.7357169392822602,0.0,0.0,0.0,1,0.47894737124443054,0.0,0.0,-10000.0,0.0,0.0,-10000.0
0.18000000000000002,0.2,1,0.47894737124443054,0.7266615541441228,0.0,0.0,0.0,1,0.47894737124443054,0.0,0.0,-10000.0,0.0,0.0,-10000.0
0.19,0.01,1,0.5631579160690308,0.8935000000000004,0.9141872955034389,0.5,100.0,1,0.6052631735801697,0.8587729346316517,0.5,-9900.0,-0.055414360871787194,0.0,-10000.0
0.19,0.02,2,0.5210526585578918,0.8845000000000005,0.0,0.0,0.0,1,0.6052631735801697,0.0,0.0,-10000.0,0.0,0.0,-10000.0
0.19,0.03,1,0.5210526585578918,0.8755000000000004,0.0,0.0,0.0,2,0.47894737124443054,0.0,0.0,-10000.0,0.0,0.0,-10000.0
0.19,0.04,1,0.5210526585578918,0.8665000000000003,0.0,0.0,0.0,1,0.47894737124443054,0.0,0.0,-10000.0,0.0,0.0,-10000.0
0.19,0.05,1,0.47894737124443054,0.8575000000000003,0.0,0.0,0.0,1,0.6052631735801697,0.0,0.0,-10000.0,0.0,0.0,-10000.0
0.19,0.060000000000000005,1,0.47894737124443054,0.8485000000000004,0.0,0.0,0.0,2,0.47894737124443054,0.0,0.0,-10000.0,0.0,0.0,-10000.0
0.19,0.06999999999999999,1,0.47894737124443054,0.8395000000000006,0.0,0.0,0.0,1,0.47894737124443054,0.0,0.0,-10000.0,0.0,0.0,-10000.0
0.19,0.08,1,0.47894737124443054,0.8305000000000005,0.0,0.0,0.0,1,0.47894737124443054,0.0,0.0,-10000.0,0.0,0.0,-10000.0
0.19,0.09,1,0.47894737124443054,0.8215000000000003,0.0,0.0,0.0,1,0.47894737124443054,0.0,0.0,-10000.0,0.0,0.0,-10000.0
0.19,0.09999999999999999,1,0.47894737124443054,0.8125000000000004,0.0,0.0,0.0,1,0.47894737124443054,0.0,0.0,-10000.0,0.0,0.0,-10000.0
0.19,0.11,1,0.47894737124443054,0.8035000000000003,0.0,0.0,0.0,1,0.47894737124443054,0.0,0.0,-10000.0,0.0,0.0,-10000.0
0.19,0.12,1,0.47894737124443054,0.7945000000000004,0.0,0.0,0.0,1,0.47894737124443054,0.0,0.0,-10000.0,0.0,0.0,-10000.0
0.19,0.13,1,0.47894737124443054,0.7855000000000003,0.0,0.0,0.0,1,0.47894737124443054,0.0,0.0,-10000.0,0.0,0.0,-10000.0
0.19,0.14,1,0.47894737124443054,0.7765000000000004,0.0,0.0,0.0,1,0.47894737124443054,0.0,0.0,-10000.0,0.0,0.0,-10000.0
0.19,0.15000000000000002,1,0.47894737124443054,0.7675000000000004,0.0,0.0,0.0,1,0.47894737124443054,0.0,0.0,-10000.0,0.0,0.0,-10000.0
0.19,0.16,1,0.47894737124443054,0.7585000000000004,0.0,0.0,0.0,1,0.47894737124443054,0.0,0.0,-10000.0,0.0,0.0,-10000.0
0.19,0.17,1,0.47894737124443054,0.7495000000000005,0.0,0.0,0.0,1,0.47894737124443054,0.0,0.0,-10000.0,0.0,0.0,-10000.0
0.19,0.18000000000000002,1,0.47894737124443054,0.7405000000000004,0.0,0.0,0.0,1,0.47894737124443054,0.0,0.0,-10000.0,0.0,0.0,-10000.0
0.19,0.19,1,0.47894737124443054,0.7315000000000005,0.0,0.0,0.0,1,0.47894737124443054,0.0,0.0,-10000.0,0.0,0.0,-10000.0
0.19,0.2,1,0.47894737124443054,0.7225000000000004,0.0,0.0,0.0,1,0.47894737124443054,0.0,0.0,-10000.0,0.0,0.0,-10000.0
0.2,0.01,1,0.5631579160690308,0.8882693235899592,0.0,0.0,0.0,1,0.5631579160690308,0.0,0.0,-10000.0,0.0,0.0,-10000.0
0.2,0.02,1,0.5631579160690308,0.87932505167996,0.0,0.0,0.0,1,0.5210526585578918,0.0,0.0,-10000.0,0.0,0.0,-10000.0
0.2,0.03,1,0.5210526585578918,0.8703807797699609,0.0,0.0,0.0,1,0.47894737124443054,0.0,0.0,-10000.0,0.0,0.0,-10000.0
0.2,0.04,1,0.5210526585578918,0.8614365078599616,0.0,0.0,0.0,1,0.47894737124443054,0.0,0.0,-10000.0,0.0,0.0,-10000.0
0.2,0.05,1,0.47894737124443054,0.8524922359499625,0.0,0.0,0.0,1,0.5210526585578918,0.0,0.0,-10000.0,0.0,0.0,-10000.0
0.2,0.060000000000000005,1,0.47894737124443054,0.8435479640399632,0.0,0.0,0.0,1,0.47894737124443054,0.0,0.0,-10000.0,0.0,0.0,-10000.0
0.2,0.06999999999999999,1,0.47894737124443054,0.8346036921299643,0.0,0.0,0.0,1,0.47894737124443054,0.0,0.0,-10000.0,0.0,0.0,-10000.0
0.2,0.08,1,0.47894737124443054,0.825659420219965,0.0,0.0,0.0,1,0.47894737124443054,0.0,0.0,-10000.0,0.0,0.0,-10000.0
0.2,0.09,1,0.47894737124443054,0.8167151483099658,0.0,0.0,0.0,1,0.47894737124443054,0.0,0.0,-10000.0,0.0,0.0,-10000.0
0.2,0.09999999999999999,1,0.47894737124443054,0.8077708763999667,0.0,0.0,0.0,1,0.47894737124443054,0.0,0.0,-10000.0,0.0,0.0,-10000.0
0.2,0.11,1,0.47894737124443054,0.7988266044899676,0.0,0.0,0.0,1,0.47894737124443054,0.0,0.0,-10000.0,0.0,0.0,-10000.0
0.2,0.12,1,0.47894737124443054,0.7898823325799684,0.0,0.0,0.0,1,0.47894737124443054,0.0,0.0,-10000.0,0.0,0.0,-10000.0
0.2,0.13,1,0.47894737124443054,0.7809380606699692,0.0,0.0,0.0,1,0.47894737124443054,0.0,0.0,-10000.0,0.0,0.0,-10000.0
0.2,0.14,1,0.47894737124443054,0.7719937887599699,0.0,0.0,0.0,1,0.47894737124443054,0.0,0.0,-10000.0,0.0,0.0,-10000.0
0.2,0.15000000000000002,1,0.47894737124443054,0.7630495168499709,0.0,0.0,0.0,1,0.47894737124443054,0.0,0.0,-10000.0,0.0,0.0,-10000.0
0.2,0.16,1,0.47894737124443054,0.7541052449399717,0.0,0.0,0.0,1,0.47894737124443054,0.0,0.0,-10000.0,0.0,0.0,-10000.0
0.2,0.17,1,0.47894737124443054,0.7451609730299726,0.0,0.0,0.0,1,0.47894737124443054,0.0,0.0,-10000.0,0.0,0.0,-10000.0
0.2,0.18000000000000002,1,0.47894737124443054,0.7362167011199734,0.0,0.0,0.0,1,0.47894737124443054,0.0,0.0,-10000.0,0.0,0.0,-10000.0
0.2,0.19,1,0.47894737124443054,0.7272724292099743,0.0,0.0,0.0,1,0.47894737124443054,0.0,0.0,-10000.0,0.0,0.0,-10000.0
0.2,0.2,1,0.47894737124443054,0.7183281572999751,0.0,0.0,0.0,1,0.47894737124443054,0.0,0.0,-10000.0,0.0,0.0,-10000.0
